id,label,heuristicLabel,processType,stepCount,communities,entryPointId,terminalId
"proc_0_set_protocol","Set_protocol → _get_path","Set_protocol → _get_path","cross_community",7,"['comm_22','comm_18']","Function:preset_buttons.py:PresetButtonWidget.set_protocol","Function:preset_buttons.py:_get_path"
"proc_1_set_file_paths","Set_file_paths → _get_path","Set_file_paths → _get_path","cross_community",7,"['comm_22','comm_18']","Function:preset_buttons.py:PresetButtonWidget.set_file_paths","Function:preset_buttons.py:_get_path"
"proc_2_refresh","Refresh → _get_path","Refresh → _get_path","cross_community",7,"['comm_22','comm_18']","Function:preset_buttons.py:PresetButtonWidget.refresh","Function:preset_buttons.py:_get_path"
"proc_3___init__","__init__ → _get_path","__init__ → _get_path","cross_community",7,"['comm_20','comm_22','comm_18']","Function:preset_buttons.py:PresetButtonWidget.__init__","Function:preset_buttons.py:_get_path"
"proc_4_generate_frame","Generate_frame → _pack_field","Generate_frame → _pack_field","cross_community",5,"['comm_33','comm_34']","Function:gdw_send_frame_lib.py:GDWFrameGenerator.generate_frame","Function:gdw_send_frame_lib.py:GDWFrameGenerator._pack_field"
"proc_5_test_push_frame","Test_push_frame → _parse_ascii_string","Test_push_frame → _parse_ascii_string","cross_community",5,"['comm_3','comm_4']","Function:test_push_frame.py:test_push_frame","Function:plc_rf_parser.py:PLCRFProtocolParser._parse_ascii_string"
"proc_6_test_frame","Test_frame → _parse_ascii_string","Test_frame → _parse_ascii_string","cross_community",5,"['comm_4','comm_3']","Function:test_plc_rf.py:test_frame","Function:plc_rf_parser.py:PLCRFProtocolParser._parse_ascii_string"
"proc_7_set_protocol","Set_protocol → _current_time","Set_protocol → _current_time","intra_community",5,"['comm_22']","Function:preset_buttons.py:PresetButtonWidget.set_protocol","Function:preset_buttons.py:PresetButtonWidget._current_time"
"proc_8_set_protocol","Set_protocol → _trim_log","Set_protocol → _trim_log","intra_community",5,"['comm_22']","Function:preset_buttons.py:PresetButtonWidget.set_protocol","Function:preset_buttons.py:PresetButtonWidget._trim_log"
"proc_9_set_protocol","Set_protocol → _get_path","Set_protocol → _get_path","intra_community",5,"['comm_22']","Function:preset_buttons.py:PresetButtonWidget.set_protocol","Function:preset_buttons.py:PresetButtonWidget._get_path"
"proc_10_set_file_paths","Set_file_paths → _current_time","Set_file_paths → _current_time","intra_community",5,"['comm_22']","Function:preset_buttons.py:PresetButtonWidget.set_file_paths","Function:preset_buttons.py:PresetButtonWidget._current_time"
"proc_11_set_file_paths","Set_file_paths → _trim_log","Set_file_paths → _trim_log","intra_community",5,"['comm_22']","Function:preset_buttons.py:PresetButtonWidget.set_file_paths","Function:preset_buttons.py:PresetButtonWidget._trim_log"
"proc_12_set_file_paths","Set_file_paths → _get_path","Set_file_paths → _get_path","intra_community",5,"['comm_22']","Function:preset_buttons.py:PresetButtonWidget.set_file_paths","Function:preset_buttons.py:PresetButtonWidget._get_path"
"proc_13_refresh","Refresh → _current_time","Refresh → _current_time","intra_community",5,"['comm_22']","Function:preset_buttons.py:PresetButtonWidget.refresh","Function:preset_buttons.py:PresetButtonWidget._current_time"
"proc_14_refresh","Refresh → _trim_log","Refresh → _trim_log","intra_community",5,"['comm_22']","Function:preset_buttons.py:PresetButtonWidget.refresh","Function:preset_buttons.py:PresetButtonWidget._trim_log"
"proc_15_refresh","Refresh → _get_path","Refresh → _get_path","intra_community",5,"['comm_22']","Function:preset_buttons.py:PresetButtonWidget.refresh","Function:preset_buttons.py:PresetButtonWidget._get_path"
"proc_16_generate_data","Generate_data → _pack_field","Generate_data → _pack_field","intra_community",5,"['comm_34']","Function:gdw_send_frame_lib.py:GDWFrameGenerator.generate_data","Function:gdw_send_frame_lib.py:GDWFrameGenerator._pack_field"
"proc_17_parse_to_table","Parse_to_table → _parse_dlms_data","Parse_to_table → _parse_dlms_data","intra_community",5,"['comm_43']","Function:dlms_parser.py:DLMSParser.parse_to_table","Function:dlms_parser.py:DLMSParser._parse_dlms_data"
"proc_18___init__","__init__ → _current_time","__init__ → _current_time","cross_community",5,"['comm_20','comm_22']","Function:preset_buttons.py:PresetButtonWidget.__init__","Function:preset_buttons.py:PresetButtonWidget._current_time"
"proc_19___init__","__init__ → _trim_log","__init__ → _trim_log","cross_community",5,"['comm_20','comm_22']","Function:preset_buttons.py:PresetButtonWidget.__init__","Function:preset_buttons.py:PresetButtonWidget._trim_log"
"proc_20___init__","__init__ → _get_path","__init__ → _get_path","cross_community",5,"['comm_20','comm_22']","Function:preset_buttons.py:PresetButtonWidget.__init__","Function:preset_buttons.py:PresetButtonWidget._get_path"
"proc_21__show_context_menu","_show_context_menu → _current_time","_show_context_menu → _current_time","intra_community",5,"['comm_22']","Function:preset_buttons.py:PresetButtonWidget._show_context_menu","Function:preset_buttons.py:PresetButtonWidget._current_time"
"proc_22__show_context_menu","_show_context_menu → _trim_log","_show_context_menu → _trim_log","intra_community",5,"['comm_22']","Function:preset_buttons.py:PresetButtonWidget._show_context_menu","Function:preset_buttons.py:PresetButtonWidget._trim_log"
"proc_23___init__","__init__ → _get_path","__init__ → _get_path","cross_community",5,"['comm_20','comm_18']","Function:preset_buttons.py:AddPresetDialog.__init__","Function:preset_buttons.py:_get_path"
"proc_24__build_buttons","_build_buttons → _get_path","_build_buttons → _get_path","cross_community",5,"['comm_22','comm_18']","Function:preset_buttons.py:PresetButtonWidget._build_buttons","Function:preset_buttons.py:_get_path"
"proc_25_create_afn03_di03","Create_afn03_di03 → Calculate_checksum","Create_afn03_di03 → Calculate_checksum","intra_community",4,"['comm_15']","Function:send_frame_lib.py:ProtocolFrameGenerator.create_afn03_di03","Function:protocol_tool.py:Frame.calculate_checksum"
"proc_26_create_afn02_di02","Create_afn02_di02 → Calculate_checksum","Create_afn02_di02 → Calculate_checksum","intra_community",4,"['comm_15']","Function:send_frame_lib.py:ProtocolFrameGenerator.create_afn02_di02","Function:protocol_tool.py:Frame.calculate_checksum"
"proc_27_create_afn04_di04","Create_afn04_di04 → Calculate_checksum","Create_afn04_di04 → Calculate_checksum","intra_community",4,"['comm_15']","Function:send_frame_lib.py:ProtocolFrameGenerator.create_afn04_di04","Function:protocol_tool.py:Frame.calculate_checksum"
"proc_28_create_afn07_di07","Create_afn07_di07 → Calculate_checksum","Create_afn07_di07 → Calculate_checksum","intra_community",4,"['comm_15']","Function:send_frame_lib.py:ProtocolFrameGenerator.create_afn07_di07","Function:protocol_tool.py:Frame.calculate_checksum"
"proc_29_create_afn01_di01","Create_afn01_di01 → Calculate_checksum","Create_afn01_di01 → Calculate_checksum","intra_community",4,"['comm_15']","Function:send_frame_lib.py:ProtocolFrameGenerator.create_afn01_di01","Function:protocol_tool.py:Frame.calculate_checksum"
"proc_30_create_afn00_di00","Create_afn00_di00 → Calculate_checksum","Create_afn00_di00 → Calculate_checksum","intra_community",4,"['comm_15']","Function:send_frame_lib.py:ProtocolFrameGenerator.create_afn00_di00","Function:protocol_tool.py:Frame.calculate_checksum"
"proc_31_create_afn05_di05","Create_afn05_di05 → Calculate_checksum","Create_afn05_di05 → Calculate_checksum","intra_community",4,"['comm_15']","Function:send_frame_lib.py:ProtocolFrameGenerator.create_afn05_di05","Function:protocol_tool.py:Frame.calculate_checksum"
"proc_32_generate_frame","Generate_frame → _pack_field","Generate_frame → _pack_field","intra_community",4,"['comm_17']","Function:send_frame_lib.py:ProtocolFrameGenerator.generate_frame","Function:send_frame_lib.py:ProtocolFrameGenerator._pack_field"
"proc_33_generate_frame","Generate_frame → Calculate_checksum","Generate_frame → Calculate_checksum","cross_community",4,"['comm_17','comm_15']","Function:send_frame_lib.py:ProtocolFrameGenerator.generate_frame","Function:protocol_tool.py:Frame.calculate_checksum"
"proc_34_test_push_frame","Test_push_frame → Calculate_crc16","Test_push_frame → Calculate_crc16","cross_community",4,"['comm_3','comm_4']","Function:test_push_frame.py:test_push_frame","Function:plc_rf_parser.py:PLCRFProtocolParser.calculate_crc16"
"proc_35_test_frame","Test_frame → Calculate_crc16","Test_frame → Calculate_crc16","cross_community",4,"['comm_4','comm_3']","Function:test_plc_rf.py:test_frame","Function:plc_rf_parser.py:PLCRFProtocolParser.calculate_crc16"
"proc_36_create_afn06_di06","Create_afn06_di06 → Calculate_checksum","Create_afn06_di06 → Calculate_checksum","intra_community",4,"['comm_15']","Function:send_frame_lib.py:ProtocolFrameGenerator.create_afn06_di06","Function:protocol_tool.py:Frame.calculate_checksum"
"proc_37_parse_dlms_deep","Parse_dlms_deep → _bytes_to_hex","Parse_dlms_deep → _bytes_to_hex","intra_community",4,"['comm_44']","Function:dlms_deep_parser.py:parse_dlms_deep","Function:dlms_deep_parser.py:DLMSDeepParser._bytes_to_hex"
"proc_38___init__","__init__ → Setup_chinese_context_menu","__init__ → Setup_chinese_context_menu","cross_community",4,"['comm_20','comm_26']","Function:preset_buttons.py:PresetButtonWidget.__init__","Function:gui_utils.py:setup_chinese_context_menu"
"proc_39___init__","__init__ → Setup_chinese_context_menu","__init__ → Setup_chinese_context_menu","cross_community",4,"['comm_20','comm_26']","Function:preset_buttons.py:AddPresetDialog.__init__","Function:gui_utils.py:setup_chinese_context_menu"
"proc_40__build_buttons","_build_buttons → _clear_all","_build_buttons → _clear_all","intra_community",4,"['comm_22']","Function:preset_buttons.py:PresetButtonWidget._build_buttons","Function:preset_buttons.py:PresetButtonWidget._clear_all"
"proc_41__build_buttons","_build_buttons → _get_path","_build_buttons → _get_path","intra_community",4,"['comm_22']","Function:preset_buttons.py:PresetButtonWidget._build_buttons","Function:preset_buttons.py:PresetButtonWidget._get_path"
"proc_42_create_command_looku","Create_command_lookup_page → _infer_object_type","Create_command_lookup_page → _infer_object_type","cross_community",3,"['comm_26','comm_25']","Function:lookup_pages_simple.py:create_command_lookup_page","Function:lookup_pages_simple.py:_infer_object_type"
"proc_43_create_obis_lookup_p","Create_obis_lookup_page → _infer_object_type","Create_obis_lookup_page → _infer_object_type","cross_community",3,"['comm_26','comm_25']","Function:lookup_pages_simple.py:create_obis_lookup_page","Function:lookup_pages_simple.py:_infer_object_type"
"proc_44_create_di_lookup_pag","Create_di_lookup_page → Setup_chinese_context_menu","Create_di_lookup_page → Setup_chinese_context_menu","cross_community",3,"['comm_29','comm_26']","Function:lookup_pages.py:create_di_lookup_page","Function:gui_utils.py:setup_chinese_context_menu"
"proc_45_create_di_lookup_pag","Create_di_lookup_page → _populate_di_table","Create_di_lookup_page → _populate_di_table","intra_community",3,"['comm_29']","Function:lookup_pages.py:create_di_lookup_page","Function:lookup_pages.py:_populate_di_table"
"proc_46_export","Export → _format_hex","Export → _format_hex","intra_community",3,"['comm_54']","Function:report/excel_reporter.py:ExcelReporter.export","Function:report/excel_reporter.py:ExcelReporter._format_hex"
"proc_47_generate_frame","Generate_frame → _check_condition","Generate_frame → _check_condition","intra_community",3,"['comm_17']","Function:send_frame_lib.py:ProtocolFrameGenerator.generate_frame","Function:send_frame_lib.py:ProtocolFrameGenerator._check_condition"
"proc_48_add_command","Add_command → _get_path","Add_command → _get_path","intra_community",3,"['comm_18']","Function:preset_buttons.py:PresetButtonManager.add_command","Function:preset_buttons.py:_get_path"
"proc_49_update_command","Update_command → _get_path","Update_command → _get_path","intra_community",3,"['comm_18']","Function:preset_buttons.py:PresetButtonManager.update_command","Function:preset_buttons.py:_get_path"
"proc_50_generate_frame","Generate_frame → _bcd_encode","Generate_frame → _bcd_encode","intra_community",3,"['comm_33']","Function:gdw_send_frame_lib.py:GDWFrameGenerator.generate_frame","Function:gdw_send_frame_lib.py:GDWFrameGenerator._bcd_encode"
"proc_51_test_push_frame","Test_push_frame → _add_field","Test_push_frame → _add_field","cross_community",3,"['comm_3','comm_4']","Function:test_push_frame.py:test_push_frame","Function:plc_rf_parser.py:PLCRFProtocolParser._add_field"
"proc_52_delete_custom_di","Delete_custom_di → _load_custom_di","Delete_custom_di → _load_custom_di","intra_community",3,"['comm_42']","Function:dlt645_di_lookup.py:DLT645DILookup.delete_custom_di","Function:dlt645_di_lookup.py:DLT645DILookup._load_custom_di"
"proc_53_delete_custom_di","Delete_custom_di → _rebuild_data_list","Delete_custom_di → _rebuild_data_list","intra_community",3,"['comm_42']","Function:dlt645_di_lookup.py:DLT645DILookup.delete_custom_di","Function:dlt645_di_lookup.py:DLT645DILookup._rebuild_data_list"
"proc_54_filter_table","Filter_table → _infer_object_type","Filter_table → _infer_object_type","intra_community",3,"['comm_25']","Function:lookup_pages_simple.py:filter_table","Function:lookup_pages_simple.py:_infer_object_type"
"proc_55_test_frame","Test_frame → _add_field","Test_frame → _add_field","intra_community",3,"['comm_4']","Function:test_plc_rf.py:test_frame","Function:plc_rf_parser.py:PLCRFProtocolParser._add_field"
"proc_56_set_protocol","Set_protocol → _clear_all","Set_protocol → _clear_all","intra_community",3,"['comm_22']","Function:preset_buttons.py:PresetButtonWidget.set_protocol","Function:preset_buttons.py:PresetButtonWidget._clear_all"
"proc_57_set_file_paths","Set_file_paths → _clear_all","Set_file_paths → _clear_all","intra_community",3,"['comm_22']","Function:preset_buttons.py:PresetButtonWidget.set_file_paths","Function:preset_buttons.py:PresetButtonWidget._clear_all"
"proc_58_refresh","Refresh → _clear_all","Refresh → _clear_all","intra_community",3,"['comm_22']","Function:preset_buttons.py:PresetButtonWidget.refresh","Function:preset_buttons.py:PresetButtonWidget._clear_all"
"proc_59_verify","Verify → _check_min_length","Verify → _check_min_length","intra_community",3,"['comm_23']","Function:plc_rf_parser.py:PLCRFProtocolParser.verify","Function:validator/base.py:BaseValidator._check_min_length"
"proc_60_verify","Verify → _check_start_char","Verify → _check_start_char","intra_community",3,"['comm_23']","Function:plc_rf_parser.py:PLCRFProtocolParser.verify","Function:validator/base.py:BaseValidator._check_start_char"
"proc_61_verify","Verify → _calc_crc16_ccitt","Verify → _calc_crc16_ccitt","intra_community",3,"['comm_23']","Function:plc_rf_parser.py:PLCRFProtocolParser.verify","Function:validator/base.py:BaseValidator._calc_crc16_ccitt"
"proc_62_on_search","On_search → _populate_di_table","On_search → _populate_di_table","intra_community",3,"['comm_29']","Function:lookup_pages.py:on_search","Function:lookup_pages.py:_populate_di_table"
"proc_63_verify","Verify → _check_min_length","Verify → _check_min_length","intra_community",3,"['comm_23']","Function:dlt645_parser.py:DLT645Parser.verify","Function:validator/base.py:BaseValidator._check_min_length"
"proc_64_verify","Verify → _check_start_char","Verify → _check_start_char","intra_community",3,"['comm_23']","Function:dlt645_parser.py:DLT645Parser.verify","Function:validator/base.py:BaseValidator._check_start_char"
"proc_65_verify","Verify → _check_end_char","Verify → _check_end_char","intra_community",3,"['comm_23']","Function:dlt645_parser.py:DLT645Parser.verify","Function:validator/base.py:BaseValidator._check_end_char"
"proc_66_add_custom_di","Add_custom_di → _load_custom_di","Add_custom_di → _load_custom_di","intra_community",3,"['comm_42']","Function:dlt645_di_lookup.py:DLT645DILookup.add_custom_di","Function:dlt645_di_lookup.py:DLT645DILookup._load_custom_di"
"proc_67_add_custom_di","Add_custom_di → _rebuild_data_list","Add_custom_di → _rebuild_data_list","intra_community",3,"['comm_42']","Function:dlt645_di_lookup.py:DLT645DILookup.add_custom_di","Function:dlt645_di_lookup.py:DLT645DILookup._rebuild_data_list"
"proc_68__on_frame_received","_on_frame_received → _get_frame_summary","_on_frame_received → _get_frame_summary","intra_community",3,"['comm_57']","Function:monitor/frame_monitor.py:FrameMonitorWidget._on_frame_received","Function:monitor/frame_monitor.py:FrameMonitorWidget._get_frame_summary"
"proc_69___init__","__init__ → _clear_all","__init__ → _clear_all","cross_community",3,"['comm_20','comm_22']","Function:preset_buttons.py:PresetButtonWidget.__init__","Function:preset_buttons.py:PresetButtonWidget._clear_all"
"proc_70___init__","__init__ → _load_custom_di","__init__ → _load_custom_di","intra_community",3,"['comm_42']","Function:dlt645_di_lookup.py:DLT645DILookup.__init__","Function:dlt645_di_lookup.py:DLT645DILookup._load_custom_di"
"proc_71___init__","__init__ → _rebuild_data_list","__init__ → _rebuild_data_list","intra_community",3,"['comm_42']","Function:dlt645_di_lookup.py:DLT645DILookup.__init__","Function:dlt645_di_lookup.py:DLT645DILookup._rebuild_data_list"
"proc_72__on_filter_changed","_on_filter_changed → _get_frame_summary","_on_filter_changed → _get_frame_summary","intra_community",3,"['comm_57']","Function:monitor/frame_monitor.py:FrameMonitorWidget._on_filter_changed","Function:monitor/frame_monitor.py:FrameMonitorWidget._get_frame_summary"
